Id,AccessFailedCount,City,ConcurrencyStamp,Country,Created,DateOfBirth,Email,EmailConfirmed,Gender,Interests,Introduction,KnownAs,LastActive,LockoutEnabled,LockoutEnd,LookingFor,NormalizedEmail,NormalizedUserName,PasswordHash,PhoneNumber,PhoneNumberConfirmed,SecurityStamp,TwoFactorEnabled,UserName
1,0,Greenbush,4482ce94-80fd-42f6-9276-67940c191ba4,Martinique,2020-06-24 00:00:00,1956-07-22,NULL,0,female,Sit sit incididunt proident velit.,"Sunt esse aliqua ullamco in incididunt consequat commodo. Nisi ad esse elit ipsum commodo fugiat est ad. Incididunt nostrud incididunt nostrud sit excepteur occaecat.
",Lisa,2020-06-21 00:00:00,1,NULL,"Dolor anim cupidatat occaecat aliquip et Lorem ut elit fugiat. Mollit eu pariatur est sunt. Minim fugiat sit do dolore eu elit ex do id sunt. Qui fugiat nostrud occaecat nisi est dolor qui fugiat laborum cillum. Occaecat consequat ex mollit commodo ad irure cillum nulla velit ex pariatur veniam cupidatat. Officia veniam officia non deserunt mollit.
",NULL,LISA,AQAAAAIAAYagAAAAEOZeYVNRHg/z/5qy2kGrsXXS9myE5p0PXuxY0STCzwJ+8RHUq4a3opeTP0oAsy5MCg==,NULL,0,XVHG6QADOYBEMUIEB3P7IYB476G3DDNI,0,Lisa
2,0,Celeryville,a5115586-f0b7-412d-ba6b-da27458b22bc,Grenada,2019-12-09 00:00:00,1995-10-12,NULL,0,female,Dolor aliquip velit amet aliqua minim labore sit laboris non aliquip cillum.,"Laborum dolore aliquip voluptate sunt cupidatat fugiat. Aliqua cillum deserunt do sunt ullamco aute Lorem nisi irure velit esse excepteur ex qui. Aliquip cupidatat officia ullamco duis veniam quis elit dolore nisi proident exercitation id cillum ullamco. In exercitation aliqua commodo veniam culpa duis commodo mollit et sint culpa.
",Karen,2020-05-06 00:00:00,1,NULL,"Dolor magna eu reprehenderit nostrud do et. Amet voluptate ut laboris ut officia eiusmod exercitation elit labore anim. In consequat ut ex adipisicing irure. Sit proident sint laboris est proident aute mollit minim et mollit. Cillum in enim velit occaecat aliquip. Voluptate aliquip et culpa est ad proident elit duis.
",NULL,KAREN,AQAAAAIAAYagAAAAEC4AYwJDK7XFn3aakLGOdymhuriujgjp+8dVip7zh20rbgm5fn5z0yvVoOYJ8EDohA==,NULL,0,6WHBE3GO3RI4ZQJ7WE5JDT5YFBZ3HIYO,0,Karen
3,0,Rosewood,5c20a2c3-c4d7-47a3-978f-e719e93d0fe5,Svalbard and Jan Mayen Islands,2019-08-10 00:00:00,1959-01-24,NULL,0,female,Commodo do eiusmod quis labore est non.,"Dolor ut mollit sunt fugiat magna do eu et aliqua. Dolor consectetur reprehenderit irure non adipisicing ad irure sint id amet reprehenderit esse consectetur ex. Nisi sunt minim amet dolore eiusmod occaecat commodo nostrud tempor dolore velit. Fugiat labore duis nulla do officia voluptate ullamco. Velit ex ullamco cillum amet qui anim et ullamco adipisicing fugiat exercitation aliqua. Consectetur et do labore enim aliqua occaecat.
",Margo,2020-05-12 00:00:00,1,NULL,"Magna consectetur amet sint aliqua cillum proident commodo. Irure aute ad do dolore sunt aliqua sint aliqua sint. Qui eiusmod veniam qui adipisicing id incididunt non. Ad occaecat proident eiusmod ex dolor aliqua velit laboris qui cillum Lorem enim ex enim. Magna nisi duis minim deserunt.
",NULL,MARGO,AQAAAAIAAYagAAAAEBKJ67NhCqQCO2ZrOi8p4cbS52i9HAtlQhdaqWznxY8+hJQFEvoLA53mBupKiDkXuQ==,NULL,0,X6HHASOBZV74KICJDQTBAGR5J2SRBTSS,0,Margo
4,0,Orviston,7ed28b47-c1f6-4fe1-a587-6c33e9d7a34f,Zimbabwe,2019-04-24 00:00:00,1988-06-22,NULL,0,female,Duis in est laboris anim pariatur incididunt mollit laboris ea velit aliquip cillum.,"Cillum elit nostrud enim laboris pariatur labore ipsum ut. Quis elit irure sint velit laboris anim Lorem laboris. Labore reprehenderit magna officia aliquip pariatur ea id id commodo. Culpa duis non ex nisi. Deserunt pariatur aliqua consequat reprehenderit sunt ex exercitation.
",Lois,2020-06-17 00:00:00,1,NULL,"Dolor est cupidatat dolor cupidatat cillum amet veniam eiusmod aliqua adipisicing aliquip proident adipisicing. Non nulla ex nisi magna ut cillum Lorem ad. Fugiat nulla laboris consequat excepteur ut est veniam voluptate ut officia anim reprehenderit proident sunt. Do proident laboris consequat laboris cillum minim reprehenderit velit.
",NULL,LOIS,AQAAAAIAAYagAAAAEDQIb7Euj77zoaDc6TKD/Xd1QVjPsUZ9rQoojVLWW6t1LxZXyfcs8b2BLBgPHyxZAA==,NULL,0,6NUHG33WBGCSPWC5ABXAIOHJM5YEIJMB,0,Lois
5,0,Germanton,bf8e823a-8f31-484c-aeca-da3471e83c82,Antigua and Barbuda,2019-04-30 00:00:00,1956-01-12,NULL,0,female,Elit Lorem aliquip deserunt cupidatat ex aliquip ullamco.,"Qui ipsum voluptate exercitation officia nisi velit adipisicing exercitation sint nulla do. Qui fugiat non nisi excepteur et duis elit consectetur ullamco velit fugiat. Sit do esse cupidatat quis eiusmod cupidatat.
",Ruthie,2020-06-21 00:00:00,1,NULL,"Est quis dolore duis excepteur exercitation reprehenderit ipsum elit aliquip dolor nostrud. Sint incididunt sunt deserunt pariatur pariatur minim velit voluptate consequat amet qui. Sit cillum ullamco culpa deserunt commodo culpa ad anim. Do aliqua aute proident eiusmod esse veniam ipsum nisi anim veniam ut aliquip incididunt culpa.
",NULL,RUTHIE,AQAAAAIAAYagAAAAEFeQ+v9EWBSJ+sdbZJZ3kSacClxkD3HikwU5HaUaMJEVfFEycALkAlSiCpKlMXtgCw==,NULL,0,CIYHBMYPXBKQAEKK6Z6NX6MPBODBU432,0,Ruthie
6,0,Cliff,50e1dfe4-da34-4bce-adc6-299ad0d70892,British Indian Ocean Territory,2019-04-29 00:00:00,1950-02-07,NULL,0,male,Esse cillum deserunt fugiat deserunt irure ea esse deserunt quis exercitation velit do nisi reprehenderit.,"Mollit elit cillum dolore ea laboris consequat excepteur eiusmod eiusmod qui magna mollit occaecat. Sint qui ut veniam non. Est non veniam magna in consectetur ullamco eiusmod in elit aute ea ipsum aliquip. Duis nisi do dolore ad. Consectetur incididunt quis exercitation aliquip officia. Ex anim pariatur veniam fugiat aute consequat quis nisi in quis.
",Todd,2020-05-16 00:00:00,1,NULL,"Magna ex non ullamco ipsum commodo minim cupidatat sit. Sint dolor enim amet cupidatat. Anim et ea officia ea officia veniam adipisicing tempor. Labore consequat in duis deserunt tempor aliqua. Eu incididunt id deserunt proident ullamco aliqua culpa officia anim deserunt fugiat amet voluptate qui. In id non sint sint aliqua commodo reprehenderit excepteur cillum Lorem minim.
",NULL,TODD,AQAAAAIAAYagAAAAEK5mkcMMpKy/NR1KRq8ZZqdgSdBxcjY+WrW2t4XASxyKaf3cLwlUjqHTWYftKm8U3Q==,NULL,0,IVK7CAFNPKW3TLONNSCT52Q6YAFURXZR,0,Todd
7,0,Welda,5c50c62e-e566-45c1-bb5e-3ab362dfab49,Christmas Island,2020-04-05 00:00:00,1967-04-09,NULL,0,male,Aliquip proident pariatur excepteur incididunt irure et.,"Qui adipisicing enim mollit magna fugiat. Quis laborum sit adipisicing Lorem veniam magna. Aliqua ex occaecat id duis aute excepteur quis eu eiusmod. Cillum consectetur dolore officia consequat veniam nulla qui occaecat ullamco ipsum sit incididunt aute ullamco.
",Porter,2020-06-23 00:00:00,1,NULL,"Officia id adipisicing duis culpa aute voluptate Lorem quis aliquip qui. Cupidatat aliquip amet reprehenderit excepteur amet et est dolore est. Veniam pariatur elit non ullamco labore quis do. Ad non cillum nisi non. Non cupidatat nisi fugiat officia tempor officia sunt qui duis.
",NULL,PORTER,AQAAAAIAAYagAAAAEBTIi7k3fuShjo5mKx41aQJiJwwip62N2Vd2NNdedCBez+BQtwZ4QzgKVByKmEIJAg==,NULL,0,UZPAUGFXEZCM7P53RMK56C3HPREUJUJW,0,Porter
8,0,Clarence,d0bf44a5-86cd-4bc7-977c-72922329e3ea,Burkina Faso,2020-03-14 00:00:00,1990-03-23,NULL,0,male,Duis consectetur proident labore velit minim irure proident incididunt officia duis.,"Aliquip labore nisi veniam exercitation sit laborum nisi pariatur dolore tempor irure. Ad officia et eu cupidatat qui irure pariatur qui excepteur dolor ut eiusmod. Exercitation qui cillum elit elit officia elit culpa eu consequat cupidatat velit esse.
",Mayo,2020-05-17 00:00:00,1,NULL,"Duis tempor amet officia irure amet do ipsum est dolore culpa id Lorem exercitation labore. Cupidatat minim duis nulla occaecat excepteur anim laboris id culpa ullamco culpa. Ullamco mollit labore mollit esse labore eiusmod elit enim voluptate laborum irure amet eu in. Pariatur consectetur Lorem velit incididunt excepteur. Magna proident nulla ex laboris veniam tempor proident nisi elit. Ex tempor excepteur eiusmod et occaecat laboris ad ex veniam voluptate. Ipsum mollit voluptate nulla eiusmod nostrud sit anim anim qui est aute pariatur sint.
",NULL,MAYO,AQAAAAIAAYagAAAAEO3ZOyXa6OIcIw+0FduaQZahRCu+PahOXvPBrmcWQvuqsA81m4QdLPF5L5y085ifew==,NULL,0,JHS5JCZFQPIYIVYCJOFXI3G2ZPPRVEDN,0,Mayo
9,0,Herald,07788fdf-9fcf-4267-8b3d-204d715cc3fa,Poland,2019-01-28 00:00:00,1952-12-01,NULL,0,male,Pariatur qui ut commodo laboris officia.,"Cupidatat dolor irure officia qui consequat ea laborum excepteur esse. Esse qui cupidatat minim laborum velit occaecat officia. Nulla consectetur nisi laborum in eu fugiat ipsum magna. Ipsum sunt consectetur reprehenderit ea consectetur fugiat anim enim nostrud. Ut fugiat cupidatat aliquip ipsum laborum adipisicing sint tempor. Eu deserunt aute Lorem duis exercitation aute aute commodo ut eu elit elit commodo officia.
",Skinner,2020-06-07 00:00:00,1,NULL,"Sunt est cillum nisi officia cupidatat sit ullamco. Labore aliquip pariatur amet velit labore cillum irure dolor. Anim ut cupidatat qui pariatur veniam eu. Eu est cillum non amet consectetur deserunt eiusmod ea sint nostrud quis ipsum cillum. Irure id et minim do nostrud consectetur quis ex duis nostrud dolor. Veniam enim sint proident officia sint enim eiusmod occaecat adipisicing do ad proident.
",NULL,SKINNER,AQAAAAIAAYagAAAAEE1dvKpZA/+KEnIp6U9DOIbHeg4Ggi9p+++p3fh573ArMDb0wkFcEUD4Qn3GLTOF3w==,NULL,0,QLDKOYW5RLAFKF3IYIG6Z2T6XKE43PTL,0,Skinner
10,0,Lupton,ef1509cc-949a-46b0-8889-e6206accc8e8,Luxembourg,2020-02-25 00:00:00,1978-03-20,NULL,0,male,Labore consectetur labore ut nulla voluptate nulla quis labore tempor dolor laborum.,"Voluptate sunt adipisicing ea nisi ex ullamco veniam dolor. Dolor do et exercitation in. Aute enim pariatur amet commodo. Deserunt consectetur quis culpa aliqua voluptate ipsum exercitation exercitation exercitation ea aliqua sunt.
",Davis,2020-06-11 00:00:00,1,NULL,"Do do minim est incididunt minim qui aliqua nulla pariatur culpa pariatur culpa non. Aliquip esse quis ullamco sint voluptate. Eiusmod reprehenderit nostrud elit eu. Sit est incididunt elit excepteur eu non. Non tempor labore nisi consequat excepteur magna non velit. Nostrud labore ex nostrud magna adipisicing aute exercitation ad in incididunt pariatur anim. Officia dolor proident nulla laboris quis.
",NULL,DAVIS,AQAAAAIAAYagAAAAENQPa1NakFuDodbmet2NFFgjNKqThvIJ9buvoHsxnGBpoLm4z7zG0joXTkinoyms6Q==,NULL,0,42K2ALGTYOCDO5SIFUC5B7QJVLM7O4ZD,0,Davis
